{
    "enable_monetization": false,
    "enable_featured_listing": "",
    "featured_listing_price": "19.99",
    "gateway_test_mode": 1,
    "active_gateways": "[\"bank_transfer\"]",
    "default_gateway": "bank_transfer",
    "payment_currency": "USD",
    "payment_thousand_separator": ",",
    "payment_decimal_separator": ".",
    "payment_currency_position": "before",
    "bank_transfer_title": "Bank Transfer",
    "announcement_to": "all_user",
    "announcement_subject": false,
    "announcement_send_to_email": true,
    "button_type": 0,
    "primary_example": "{\"id\":null,\"url\":\"\"}",
    "primary_color": "#ffffff",
    "primary_hover_color": "#ffffff",
    "back_primary_color": "#444752",
    "back_primary_hover_color": "#222222",
    "border_primary_color": "#444752",
    "border_primary_hover_color": "#222222",
    "secondary_example": "",
    "secondary_color": "#fff",
    "secondary_hover_color": "#fff",
    "back_secondary_color": "#122069",
    "back_secondary_hover_color": "#131469",
    "secondary_border_color": "#131469",
    "secondary_border_hover_color": "#131469",
    "danger_example": "",
    "danger_color": "#fff",
    "danger_hover_color": "#fff",
    "back_danger_color": "#e23636",
    "back_danger_hover_color": "#c5001e",
    "danger_border_color": "#e23636",
    "danger_border_hover_color": "#c5001e",
    "success_example": "",
    "success_color": "#fff",
    "success_hover_color": "#fff",
    "back_success_color": "#32cc6f",
    "back_success_hover_color": "#2ba251",
    "border_success_color": "#32cc6f",
    "border_success_hover_color": "#2ba251",
    "priout_example": "",
    "priout_color": "#444752",
    "priout_hover_color": "#444752",
    "back_priout_color": "#fff",
    "back_priout_hover_color": "#fff",
    "border_priout_color": "#444752",
    "border_priout_hover_color": "#9299b8",
    "prioutlight_example": "",
    "prioutlight_color": "#444752",
    "prioutlight_hover_color": "#ffffff",
    "back_prioutlight_color": "#fff",
    "back_prioutlight_hover_color": "#444752",
    "border_prioutlight_color": "#e3e6ef",
    "border_prioutlight_hover_color": "#444752",
    "danout_example": "",
    "danout_color": "#e23636",
    "danout_hover_color": "#fff",
    "back_danout_color": "#fff",
    "back_danout_hover_color": "#e23636",
    "border_danout_color": "#e23636",
    "border_danout_hover_color": "#e23636",
    "open_back_color": "#32cc6f",
    "closed_back_color": "#e23636",
    "featured_back_color": "#fa8b0c",
    "popular_back_color": "#f51957",
    "new_back_color": "#122069",
    "marker_shape_color": "#444752",
    "marker_icon_color": "#444752",
    "primary_dark_back_color": "#444752",
    "primary_dark_border_color": "#444752",
    "new_listing_status": "pending",
    "edit_listing_status": "pending",
    "fix_js_conflict": false,
    "font_type": "line",
    "listing_expire_in_days": 365,
    "can_renew_listing": true,
    "email_to_expire_day": "7",
    "email_renewal_day": "7",
    "delete_expired_listing": true,
    "delete_expired_listings_after": 15,
    "deletion_mode": "trash",
    "paginate_author_listings": true,
    "display_author_email": "public",
    "author_cat_filter": true,
    "atbdp_enable_cache": true,
    "atbdp_reset_cache": false,
    "guest_listings": false,
    "display_listings_header": true,
    "all_listing_title": "Items Found",
    "listing_filters_button": true,
    "listing_filters_icon": true,
    "listings_filter_button_text": "Filters",
    "listings_display_filter": "sliding",
    "listing_filters_fields": "[\"search_text\",\"search_category\",\"search_location\",\"search_price\",\"search_price_range\",\"search_rating\",\"search_tag\",\"search_custom_fields\",\"radius_search\"]",
    "listing_location_fields": "map_api",
    "listing_tags_field": "all_tags",
    "listing_default_radius_distance": "0",
    "listings_filters_button": "[\"reset_button\",\"apply_button\"]",
    "listings_reset_text": "Reset Filters",
    "listings_apply_text": "Apply Filters",
    "listings_search_text_placeholder": "What are you looking for?",
    "listings_category_placeholder": "Select a category",
    "listings_location_placeholder": "location",
    "display_sort_by": true,
    "listings_sort_by_items": "[\"a_z\",\"z_a\",\"latest\",\"oldest\",\"popular\",\"price_low_high\",\"price_high_low\",\"random\"]",
    "display_view_as": true,
    "view_as_text": "View As",
    "listings_view_as_items": "[\"listings_grid\",\"listings_list\",\"listings_map\"]",
    "default_listing_view": "grid",
    "grid_view_as": "normal_grid",
    "all_listing_columns": "3",
    "order_listing_by": "date",
    "sort_listing_by": "desc",
    "preview_image_quality": "directorist_preview",
    "way_to_show_preview": "cover",
    "crop_width": "350",
    "crop_height": "260",
    "prv_container_size_by": "ratio",
    "prv_background_type": "blur",
    "prv_background_color": "gainsboro",
    "default_preview_image": "",
    "info_display_in_single_line": false,
    "display_title": true,
    "enable_tagline": false,
    "enable_excerpt": false,
    "excerpt_limit": "20",
    "display_readmore": "0",
    "readmore_text": "Read More",
    "display_price": true,
    "display_email": false,
    "display_web_link": false,
    "display_contact_info": true,
    "address_location": "contact",
    "display_publish_date": true,
    "display_category": true,
    "display_mark_as_fav": true,
    "display_view_count": true,
    "display_author_image": true,
    "paginate_all_listings": true,
    "all_listing_page_items": "6",
    "disable_single_listing": 0,
    "single_listing_template": "directorist_template",
    "atbdp_listing_slug": "directory",
    "edit_listing_redirect": "view_listing",
    "listing_details_text": "Listing Details",
    "tags_section_lable": "Tags",
    "custom_section_lable": "Features",
    "listing_location_text": "Location",
    "contact_info_text": "Contact Information",
    "contact_listing_owner": "Contact Listing Owner",
    "atbd_video_title": "Video",
    "atbd_author_info_title": "Author Info",
    "display_back_link": 1,
    "dsiplay_slider_single_page": 1,
    "single_slider_image_size": "cover",
    "single_slider_background_type": "custom-color",
    "single_slider_background_color": "#fff",
    "dsiplay_thumbnail_img": 1,
    "gallery_crop_width": "740",
    "gallery_crop_height": "580",
    "enable_social_share": 1,
    "enable_favourite": 1,
    "enable_report_abuse": 1,
    "disable_list_price": 0,
    "enable_single_location_taxonomy": 0,
    "enable_single_tag": 1,
    "disable_contact_info": 0,
    "address_map_link": 0,
    "disable_contact_owner": 1,
    "user_email": "author",
    "use_nofollow": 0,
    "disable_map": 0,
    "atbd_video_url": 1,
    "enable_rel_listing": 4,
    "rel_listings_logic": "OR",
    "rel_listing_title": "Related Listings",
    "rel_listing_num": "5",
    "rel_listing_column": "2",
    "fix_listing_double_thumb": 1,
    "new_badge_text": "New",
    "new_listing_day": "3",
    "feature_badge_text": "Featured",
    "popular_badge_text": "Popular",
    "listing_popular_by": "view_count",
    "views_for_popular": 5,
    "average_review_for_popular": "4",
    "featured_listing_title": "Featured",
    "enable_review": true,
    "enable_owner_review": 1,
    "approve_immediately": 1,
    "review_approval_text": "We have received your review. It requires approval.",
    "enable_reviewer_img": 1,
    "enable_reviewer_content": 1,
    "required_reviewer_content": 1,
    "review_num": "5",
    "guest_review": 0,
    "select_listing_map": "openstreet",
    "map_api_key": "",
    "default_latitude": "40.7127753",
    "default_longitude": "-74.0059728",
    "map_zoom_level": "16",
    "map_view_zoom_level": "1",
    "listings_map_height": "350",
    "display_map_info": 1,
    "display_image_map": 1,
    "display_title_map": 1,
    "display_address_map": 1,
    "display_direction_map": 1,
    "my_listing_tab": 1,
    "my_listing_tab_text": "My Listing",
    "user_listings_pagination": 1,
    "user_listings_per_page": "9",
    "my_profile_tab": 1,
    "my_profile_tab_text": "My Profile",
    "fav_listings_tab": 1,
    "fav_listings_tab_text": "Favorite Listings",
    "submit_listing_button": 1,
    "search_title": false,
    "search_subtitle": false,
    "search_border": 1,
    "search_tsc_fields": "[\"search_text\",\"search_category\",\"search_location\"]",
    "search_location_address": "map_api",
    "require_search_text": 0,
    "require_search_category": 0,
    "require_search_location": 0,
    "search_placeholder": "What are you looking for?",
    "search_category_placeholder": "Select a category",
    "search_location_placeholder": "location",
    "search_more_filter": 1,
    "search_more_filter_icon": 1,
    "search_button": 1,
    "search_button_icon": 1,
    "home_display_filter": "sliding",
    "search_more_filters_fields": "[\"search_price\",\"search_price_range\",\"search_rating\",\"search_tag\",\"search_custom_fields\",\"radius_search\"]",
    "search_filters": "[\"search_reset_filters\",\"search_apply_filters\"]",
    "search_default_radius_distance": "0",
    "search_listing_text": "Search Listing",
    "search_more_filters": "More Filters",
    "search_reset_text": "Reset Filters",
    "search_apply_filter": "Apply Filters",
    "show_popular_category": "0",
    "show_connector": "0",
    "connectors_title": "Or",
    "popular_cat_title": "Browse by popular categories",
    "popular_cat_num": "10",
    "search_home_bg": "",
    "search_header": 1,
    "search_result_filters_button_display": 1,
    "search_result_filter_button_text": "Filters",
    "search_result_display_filter": "sliding",
    "search_result_filters_fields": "[\"search_text\",\"search_category\",\"search_location\",\"search_price\",\"search_price_range\",\"search_rating\",\"search_tag\",\"search_custom_fields\",\"radius_search\"]",
    "sresult_location_address": "map_api",
    "sresult_default_radius_distance": "0",
    "search_result_filters_button": "[\"reset_button\",\"apply_button\"]",
    "sresult_reset_text": "Reset Filters",
    "sresult_apply_text": "Apply Filters",
    "search_result_search_text_placeholder": "What are you looking for?",
    "search_result_category_placeholder": "Select a category",
    "search_result_location_placeholder": "Select a location",
    "search_view_as": 1,
    "search_viewas_text": "View As",
    "search_view_as_items": "[\"listings_grid\",\"listings_list\",\"listings_map\"]",
    "search_sort_by": 1,
    "search_sortby_text": "Sort By",
    "search_sort_by_items": "[\"a_z\",\"z_a\",\"latest\",\"oldest\",\"popular\",\"price_low_high\",\"price_high_low\",\"random\"]",
    "search_order_listing_by": "date",
    "search_sort_listing_by": "desc",
    "search_listing_columns": "3",
    "paginate_search_results": 1,
    "search_posts_num": 6,
    "radius_search_unit": "miles",
    "shortcode-updated": true,
    "add_listing_page": 7,
    "all_listing_page": 8,
    "single_listing_page": false,
    "user_dashboard": 13,
    "author_profile_page": 12,
    "all_categories_page": false,
    "single_category_page": 9,
    "all_locations_page": false,
    "single_location_page": 10,
    "single_tag_page": 11,
    "custom_registration": 14,
    "user_login": 15,
    "search_listing": 5,
    "search_result_page": 6,
    "checkout_page": "",
    "payment_receipt_page": "",
    "transaction_failure_page": "",
    "privacy_policy": "",
    "terms_conditions": "",
    "atbdp_enable_seo": 1,
    "add_listing_page_meta_title": "",
    "add_listing_page_meta_desc": "",
    "all_listing_meta_title": "",
    "all_listing_meta_desc": "",
    "dashboard_meta_title": "",
    "dashboard_meta_desc": "",
    "author_profile_meta_title": "",
    "author_page_meta_desc": "",
    "category_meta_title": "",
    "category_meta_desc": "",
    "single_category_meta_title": "",
    "single_category_meta_desc": "",
    "all_locations_meta_title": "",
    "all_locations_meta_desc": "",
    "single_locations_meta_title": "",
    "single_locations_meta_desc": "",
    "registration_meta_title": "",
    "registration_meta_desc": "",
    "login_meta_title": "",
    "login_meta_desc": "",
    "homepage_meta_title": "",
    "homepage_meta_desc": "",
    "meta_title_for_search_result": "searched_value",
    "search_result_meta_title": "",
    "search_result_meta_desc": "",
    "g_currency_note": "",
    "g_currency": "USD",
    "g_currency_position": "before",
    "display_categories_as": "grid",
    "categories_column_number": "4",
    "categories_depth_number": "2",
    "order_category_by": "id",
    "sort_category_by": "asc",
    "display_listing_count": 1,
    "hide_empty_categories": 0,
    "display_locations_as": "grid",
    "locations_column_number": "4",
    "locations_depth_number": "2",
    "order_location_by": "id",
    "sort_location_by": "asc",
    "display_location_listing_count": 1,
    "hide_empty_locations": 0,
    "reg_username": "Username",
    "display_password_reg": 1,
    "reg_password": "Password",
    "require_password_reg": 1,
    "reg_email": "Email",
    "display_website_reg": 0,
    "reg_website": "Website",
    "require_website_reg": 0,
    "display_fname_reg": 0,
    "reg_fname": "First Name",
    "require_fname_reg": 0,
    "display_lname_reg": 0,
    "reg_lname": "Last Name",
    "require_lname_reg": 0,
    "display_bio_reg": 0,
    "reg_bio": "About/bio",
    "require_bio_reg": 0,
    "registration_privacy": 1,
    "registration_privacy_label": "I agree to the",
    "registration_privacy_label_link": "Privacy & Policy",
    "regi_terms_condition": 1,
    "regi_terms_label": "I agree with all",
    "regi_terms_label_link": "terms & conditions",
    "reg_signup": "Sign Up",
    "display_login": 1,
    "login_text": "Already have an account? Please login",
    "log_linkingmsg": "Here",
    "auto_login": 0,
    "redirection_after_reg": false,
    "log_username": "Username or Email Address",
    "log_password": "Password",
    "display_rememberme": 1,
    "log_rememberme": "Remember Me",
    "log_button": "Log In",
    "display_signup": 1,
    "reg_text": "Don't have an account?",
    "reg_linktxt": "Sign Up",
    "display_recpass": 1,
    "recpass_text": "Recover Password",
    "recpass_desc": "Lost your password? Please enter your email address. You will receive a link to create a new password via email.",
    "recpass_username": "E-mail",
    "recpass_placeholder": "eg. mail@example.com",
    "recpass_button": "Get New Password",
    "redirection_after_login": false,
    "disable_email_notification": "",
    "email_from_name": "Form Builder Testing",
    "email_from_email": "dev-email@flywheel.local",
    "admin_email_lists": "dev-email@flywheel.local",
    "notify_admin": "[\"order_created\",\"order_completed\",\"listing_submitted\",\"payment_received\",\"listing_published\",\"listing_deleted\",\"listing_contact_form\",\"listing_review\"]",
    "notify_user": "[\"order_created\",\"listing_submitted\",\"payment_received\",\"listing_published\",\"listing_to_expire\",\"listing_expired\",\"remind_to_renew\",\"listing_renewed\",\"order_completed\",\"listing_edited\",\"listing_deleted\",\"listing_contact_form\"]",
    "allow_email_header": 1,
    "email_header_color": "#8569fb",
    "email_sub_new_listing": "[==SITE_NAME==] : Listing \"==LISTING_TITLE==\" Received",
    "email_tmpl_new_listing": "\r\nDear ==NAME==,\r\n\r\nThis email is to notify you that your listing '==LISTING_TITLE==' has been received and it is under review now.\r\nIt may take up to 24 hours to complete the review.\r\n\r\nThanks,\r\nThe Administrator of ==SITE_NAME==\r\n",
    "email_sub_pub_listing": "[==SITE_NAME==] : Listing \"==LISTING_TITLE==\" published",
    "email_tmpl_pub_listing": "\r\nDear ==NAME==,\r\nCongratulations! Your listing '==LISTING_TITLE==' has been approved/published. Now it is publicly available at ==LISTING_URL==\r\n\r\nThanks,\r\nThe Administrator of ==SITE_NAME==\r\n",
    "email_sub_edit_listing": "[==SITE_NAME==] : Listing \"==LISTING_TITLE==\" Edited",
    "email_tmpl_edit_listing": "\r\nDear ==NAME==,\r\nCongratulations! Your listing '==LISTING_TITLE==' has been edited. It is publicly available at ==LISTING_URL==\r\n\r\nThanks,\r\nThe Administrator of ==SITE_NAME==\r\n",
    "email_sub_to_expire_listing": "[==SITE_NAME==] : Your Listing \"==LISTING_TITLE==\" is about to expire.",
    "email_tmpl_to_expire_listing": "\r\nDear ==NAME==,\r\nYour listing '==LISTING_TITLE==' is about to expire. It will expire on ==EXPIRATION_DATE==. You can renew it at ==RENEWAL_LINK==\r\n\r\nThanks,\r\nThe Administrator of ==SITE_NAME==\r\n",
    "email_sub_expired_listing": "[==SITE_NAME==] : Your Listing '==LISTING_TITLE==' has expired.",
    "email_tmpl_expired_listing": "\r\nDear ==NAME==,\r\nYour listing '==LISTING_TITLE==' has expired on ==EXPIRATION_DATE==. You can renew it at ==RENEWAL_LINK==\r\n\r\nThanks,\r\nThe Administrator of ==SITE_NAME==\r\n",
    "email_sub_to_renewal_listing": "[==SITE_NAME==] : A Reminder to Renew your listing \"==LISTING_TITLE==\"",
    "email_tmpl_to_renewal_listing": "\r\nDear ==NAME==,\r\n\r\nWe have noticed that you might have forgot to renew your listing '==LISTING_TITLE==' at ==SITE_LINK==. We would like to remind you that it expired on ==EXPIRATION_DATE==. But please don't worry.  You can still renew it by clicking this link: ==RENEWAL_LINK==.\r\n\r\nThanks,\r\nThe Administrator of ==SITE_NAME==\r\n",
    "email_sub_renewed_listing": "[==SITE_NAME==] : Your Listing \"==LISTING_TITLE==\" Has Renewed",
    "email_tmpl_renewed_listing": "\r\nDear ==NAME==,\r\n\r\nCongratulations!\r\nYour listing '==LISTING_LINK==' with the ID #==LISTING_ID== has been renewed successfully at ==SITE_LINK==.\r\nYour listing is now publicly viewable at ==LISTING_URL==\r\n\r\nThanks,\r\nThe Administrator of ==SITE_NAME==\r\n",
    "email_sub_deleted_listing": "[==SITE_NAME==] : Your Listing \"==LISTING_TITLE==\" Has Been Deleted",
    "email_tmpl_deleted_listing": "\r\nDear ==NAME==,\r\n\r\nYour listing '==LISTING_LINK==' with the ID #==LISTING_ID== has been deleted successfully at ==SITE_LINK==.\r\n\r\nThanks,\r\nThe Administrator of ==SITE_NAME==\r\n",
    "email_sub_new_order": "[==SITE_NAME==] : Your Order (#==ORDER_ID==) Received.",
    "email_tmpl_new_order": "\r\nDear ==NAME==,\r\n\r\nThank you very much for your order.\r\nThis email is to notify you that your order (#==ORDER_ID==) has been received. You can check your order details and progress by clicking the link below.\r\n\r\nOrder Details Page: ==ORDER_RECEIPT_URL==\r\n\r\nYour order summery:\r\n==ORDER_DETAILS==\r\n\r\n\r\nNB. You need to be logged in your account to access the order details page.\r\n\r\nThanks,\r\nThe Administrator of ==SITE_NAME==\r\n",
    "email_sub_offline_new_order": "[==SITE_NAME==] : Your Order (#==ORDER_ID==) Received.",
    "email_tmpl_offline_new_order": "\r\nDear ==NAME==,\r\n\r\nThank you very much for your order.\r\nThis email is to notify you that your order (#==ORDER_ID==) has been received.\r\n\r\n\r\n\r\nYou can check your order details and progress by clicking the link below.\r\nOrder Details Page: ==ORDER_RECEIPT_URL==\r\n\r\nYour order summery:\r\n==ORDER_DETAILS==\r\n\r\n\r\nNB. You need to be logged in your account to access the order details page.\r\n\r\nThanks,\r\nThe Administrator of ==SITE_NAME==\r\n",
    "email_sub_completed_order": "[==SITE_NAME==] : Congratulation! Your Order #==ORDER_ID== Completed.",
    "email_tmpl_completed_order": "\r\nDear ==NAME==,\r\n\r\nCongratulation! This email is to notify you that your order #==ORDER_ID== has been completed.\r\n\r\nYou can check your order details by clicking the link below.\r\nOrder Details Page: ==ORDER_RECEIPT_URL==\r\n\r\nYour order summery:\r\n==ORDER_DETAILS==\r\n\r\n\r\nNB. You need to be logged in your account to access the order details page.\r\n\r\nThanks,\r\nThe Administrator of ==SITE_NAME==\r\n",
    "email_sub_listing_contact_email": "==SITE_NAME== Contact via ==LISTING_TITLE==",
    "email_tmpl_listing_contact_email": "\r\nDear ==NAME==,\r\n\r\nYou have received a message from your listing at ==LISTING_URL==.\r\n\r\nName: ==SENDER_NAME==\r\nEmail: ==SENDER_EMAIL==\r\nMessage: ==MESSAGE==\r\nTime: ==NOW==\r\n\r\nThanks,\r\nThe Administrator of ==SITE_NAME==\r\n",
    "email_sub_registration_confirmation": "Registration Confirmation!",
    "email_tmpl_registration_confirmation": "\r\nHi ==USERNAME==,\r\n\r\nThanks for creating an account on <b>==SITE_NAME==</b>. Your username is <b>==USERNAME==</b>. You can access your account area to view listings, change your password, and more at: ==DASHBOARD_LINK==\r\n\r\nWe look forward to seeing you soon",
    "single_temp_max_width": "1080",
    "single_temp_padding_top": "30",
    "single_temp_padding_bottom": "50",
    "single_temp_padding_left": "4",
    "single_temp_padding_right": "4",
    "single_temp_margin_top": "4",
    "single_temp_margin_bottom": "50",
    "single_temp_margin_left": "4",
    "single_temp_margin_right": "4",
    "import_settings": "",
    "export_settings": "",
    "restore_default_settings": "",
    "regenerate_pages": "",
    "listing_export_button": "",
    "email_note": ""
}