{"icon":"las la-home","preview_image":"","import_export":"","default_expiration":"365","new_listing_status":"pending","edit_listing_status":"pending","global_listing_type":"0","submission_form_fields":{"fields":{"title":{"widget_group":"preset","widget_name":"title","type":"text","field_key":"listing_title","required":true,"label":"Title","placeholder":"","widget_key":"title"},"description":{"type":"wp_editor","field_key":"listing_content","label":"Description","placeholder":"","required":false,"only_for_admin":false,"widget_name":"description","widget_group":"preset","widget_key":"description"},"pricing":{"label":"Pricing","pricing_type":"both","price_range_label":"Price Range","price_range_placeholder":"Select Price Range","price_unit_field_type":"number","price_unit_field_label":"Price [USD]","price_unit_field_placeholder":"Price of this listing. Eg. 100","only_for_admin":false,"widget_name":"pricing","widget_group":"preset","field_key":"","widget_key":"pricing"},"location":{"field_key":"tax_input[at_biz_dir-location][]","label":"Location","type":"multiple","placeholder":"","required":false,"only_for_admin":false,"widget_name":"location","widget_group":"preset","widget_key":"location"},"tag":{"field_key":"tax_input[at_biz_dir-tags][]","label":"Tag","placeholder":"Tag","type":"multiple","required":false,"allow_new":true,"only_for_admin":false,"widget_name":"tag","widget_group":"preset","widget_key":"tag"},"category":{"field_key":"admin_category_select[]","label":"Category","type":"multiple","placeholder":"","required":false,"only_for_admin":false,"widget_name":"category","widget_group":"preset","widget_key":"category"},"zip":{"type":"text","field_key":"zip","label":"Zip/Post Code","placeholder":"","required":false,"only_for_admin":false,"widget_name":"zip","widget_group":"preset","widget_key":"zip"},"phone":{"type":"tel","field_key":"phone","label":"Phone","placeholder":"","required":false,"only_for_admin":false,"widget_name":"phone","widget_group":"preset","widget_key":"phone"},"phone2":{"type":"tel","field_key":"phone2","label":"Phone 2","placeholder":"","required":false,"only_for_admin":false,"widget_name":"phone2","widget_group":"preset","widget_key":"phone2"},"fax":{"type":"number","field_key":"fax","label":"Fax","placeholder":"","required":false,"only_for_admin":false,"widget_name":"fax","widget_group":"preset","widget_key":"fax"},"email":{"type":"email","field_key":"email","label":"Email","placeholder":"","required":false,"only_for_admin":false,"widget_name":"email","widget_group":"preset","widget_key":"email"},"website":{"type":"text","field_key":"website","label":"Website","placeholder":"","required":false,"only_for_admin":false,"widget_name":"website","widget_group":"preset","widget_key":"website"},"social_info":{"type":"add_new","field_key":"social","label":"Social Info","required":false,"only_for_admin":false,"widget_name":"social_info","widget_group":"preset","widget_key":"social_info"},"view_count":{"type":"number","field_key":"atbdp_post_views_count","label":"View Count","placeholder":"","required":false,"only_for_admin":true,"widget_name":"view_count","widget_group":"preset","widget_key":"view_count"},"map":{"type":"map","field_key":"map","label":"Map","lat_long":"Or Enter Coordinates (latitude and longitude) Manually","required":false,"only_for_admin":false,"widget_name":"map","widget_group":"preset","widget_key":"map"},"hide_contact_owner":{"type":"text","field_key":"hide_contact_owner","label":"Hide contact owner form for single listing page","widget_name":"hide_contact_owner","widget_group":"preset","widget_key":"hide_contact_owner"},"image_upload":{"type":"media","field_key":"listing_img","label":"Images","required":false,"select_files_label":"Select Files","max_image_limit":5,"max_per_image_limit":0,"max_total_image_limit":2,"only_for_admin":false,"widget_name":"image_upload","widget_group":"preset","widget_key":"image_upload"},"video":{"type":"text","field_key":"videourl","label":"Video","placeholder":"Only YouTube & Vimeo URLs.","required":false,"only_for_admin":false,"widget_name":"video","widget_group":"preset","widget_key":"video"},"tagline":{"type":"text","field_key":"tagline","label":"Tagline","placeholder":"","required":false,"only_for_admin":false,"widget_name":"tagline","widget_group":"preset","widget_key":"tagline"},"address":{"type":"text","field_key":"address","label":"Address","placeholder":"Listing address eg. New York, USA","required":false,"only_for_admin":false,"widget_name":"address","widget_group":"preset","widget_key":"address"}},"groups":[{"label":"General Section","lock":true,"fields":["title","description","tagline","pricing","location","tag","category","view_count"],"plans":[],"type":"general_group"},{"label":"Contact Information","fields":["hide_contact_owner","zip","phone","phone2","fax","email","website","social_info"],"type":"general_group"},{"label":"Map","fields":["address","map"],"type":"general_group"},{"label":"Images & Video","fields":["image_upload","video"],"type":"general_group"}]},"preview_mode":"1","submit_button_label":"Save & Preview","listing_terms_condition":"1","require_terms_conditions":"1","terms_label":"I agree with all %terms & conditions%","listing_privacy":"1","require_privacy":"1","privacy_label":"I agree to the %Privacy & Policy%","single_listings_contents":{"fields":{"tag":{"icon":"las la-tag","widget_name":"tag","widget_group":"preset_widgets","original_widget_key":"tag","widget_key":"tag"},"map":{"icon":"las la-map","widget_name":"map","widget_group":"preset_widgets","original_widget_key":"map","widget_key":"map"},"address":{"icon":"las la-map","address_link_with_map":false,"widget_name":"address","widget_group":"preset_widgets","original_widget_key":"address","widget_key":"address"},"phone":{"icon":"las la-phone","widget_name":"phone","widget_group":"preset_widgets","original_widget_key":"phone","widget_key":"phone"},"phone2":{"icon":"las la-phone","widget_name":"phone2","widget_group":"preset_widgets","original_widget_key":"phone2","widget_key":"phone2"},"fax":{"icon":"las la-fax","widget_name":"fax","widget_group":"preset_widgets","original_widget_key":"fax","widget_key":"fax"},"email":{"icon":"las la-envelope","widget_name":"email","widget_group":"preset_widgets","original_widget_key":"email","widget_key":"email"},"website":{"icon":"las la-globe","use_nofollow":false,"widget_name":"website","widget_group":"preset_widgets","original_widget_key":"website","widget_key":"website"},"zip":{"icon":"las la-street-view","widget_name":"zip","widget_group":"preset_widgets","original_widget_key":"zip","widget_key":"zip"},"social_info":{"icon":"las la-share-alt","widget_name":"social_info","widget_group":"preset_widgets","original_widget_key":"social_info","widget_key":"social_info"},"video":{"icon":"las la-video","widget_name":"video","widget_group":"preset_widgets","original_widget_key":"video","widget_key":"video"}},"groups":[{"label":"Tag","fields":["tag"],"type":"general_group","icon":"las la-tags","custom_block_id":"","custom_block_classes":"","section_id":1627188303650},{"label":"Video","fields":["video"],"type":"general_group","icon":"las la-video atbd_area_icon","custom_block_id":"","custom_block_classes":"","section_id":1627188303651},{"label":"Location","fields":["map"],"type":"general_group","icon":"las la-map","custom_block_id":"","custom_block_classes":"","section_id":1627188303652},{"label":"Contact Information","fields":["address","phone","phone2","fax","email","website","zip","social_info"],"type":"general_group","icon":"las la-envelope-o","custom_block_id":"","custom_block_classes":"","section_id":1627188303653},{"label":"Author Info","fields":[],"type":"widget_group","widget_group":"other_widgets","widget_name":"author_info","custom_block_id":"","custom_block_classes":"","section_id":1627188303654},{"label":"Contact Listings Owner Form","fields":[],"type":"widget_group","widget_group":"other_widgets","widget_name":"contact_listings_owner","icon":"las la-phone","custom_block_id":"","custom_block_classes":"","section_id":1627188303655},{"label":"Review","fields":[],"type":"widget_group","widget_group":"other_widgets","widget_name":"review","custom_block_id":"","custom_block_classes":"","section_id":1627188303656},{"label":"Related Listings","fields":[],"type":"widget_group","widget_group":"other_widgets","widget_name":"related_listings","custom_block_id":"","custom_block_classes":"","section_id":1627188303657}]},"enable_single_listing_page":false,"single_listing_page":"","similar_listings_logics":"9","listing_from_same_author":false,"similar_listings_number_of_listings_to_show":"0","similar_listings_number_of_columns":"3","search_form_fields":{"fields":{"title":{"required":false,"label":"","placeholder":"What are you looking for?","widget_name":"title","widget_group":"available_widgets","original_widget_key":"title","widget_key":"title"},"category":{"required":false,"label":"","placeholder":"Category","widget_name":"category","widget_group":"available_widgets","original_widget_key":"category","widget_key":"category"},"location":{"required":false,"label":"","placeholder":"Location","location_source":"from_map_api","widget_name":"location","widget_group":"available_widgets","original_widget_key":"location","widget_key":"location"},"pricing":{"price_range_min_placeholder":"Min","price_range_max_placeholder":"Max","widget_name":"pricing","widget_group":"available_widgets","original_widget_key":"pricing","widget_key":"pricing"},"review":{"label":"Review","widget_name":"review","widget_group":"other_widgets","widget_key":"review"},"radius_search":{"label":"Radius Search","default_radius_distance":0,"radius_search_unit":"miles","widget_name":"radius_search","widget_group":"other_widgets","widget_key":"radius_search"},"tag":{"label":"Tag","tags_filter_source":"all_tags","widget_name":"tag","widget_group":"available_widgets","original_widget_key":"tag","widget_key":"tag"},"zip":{"label":"Zip/Post Code","placeholder":"Zip","required":false,"widget_name":"zip","widget_group":"available_widgets","original_widget_key":"zip","widget_key":"zip"},"phone":{"label":"Phone","placeholder":"Phone","required":false,"widget_name":"phone","widget_group":"available_widgets","original_widget_key":"phone","widget_key":"phone"},"phone2":{"label":"Phone 2","placeholder":"Phone 2","required":false,"widget_name":"phone2","widget_group":"available_widgets","original_widget_key":"phone2","widget_key":"phone2"},"fax":{"label":"Fax","placeholder":"Fax","required":false,"widget_name":"fax","widget_group":"available_widgets","original_widget_key":"fax","widget_key":"fax"},"email":{"label":"Email","placeholder":"Email","required":false,"widget_name":"email","widget_group":"available_widgets","original_widget_key":"email","widget_key":"email"},"website":{"label":"Website","placeholder":"Website","required":false,"widget_name":"website","widget_group":"available_widgets","original_widget_key":"website","widget_key":"website"}},"groups":[{"label":"Basic","lock":true,"draggable":false,"fields":["title","category","location"],"type":"general_group"},{"label":"Advanced","lock":true,"draggable":false,"fields":["pricing","review","radius_search","tag","zip","phone","phone2","fax","email","website"],"type":"general_group"}]},"single_listing_header":{"listings_header":{"quick_actions":[{"type":"button","label":"Bookmark","widget_name":"bookmark","widget_key":"bookmark"},{"type":"badge","label":"Share","widget_name":"share","widget_key":"share","icon":"las la-share"},{"type":"badge","label":"Report","widget_name":"report","widget_key":"report","icon":"las la-flag"}],"thumbnail":[{"type":"thumbnail","label":"Images","can_move":false,"widget_name":"listing_slider","widget_key":"listing_slider","footer_thumbail":true}],"quick_info":[{"type":"badge","label":"Listings Price","widget_name":"price","widget_key":"price"},{"type":"ratings-count","label":"Listings Ratings","widget_name":"ratings_count","widget_key":"ratings_count"},{"type":"reviews","label":"Listings Reviews","widget_name":"reviews","widget_key":"reviews"},{"type":"badge","label":"Badges","widget_name":"badges","widget_key":"badges","new_badge":true,"popular_badge":true,"featured_badge":true},{"type":"badge","label":"Category","widget_name":"category","widget_key":"category"},{"type":"badge","label":"Location","widget_name":"location","widget_key":"location"}]},"options":{"general":{"back":{"label":true},"section_title":{"label":"Section Title","icon":""}},"content_settings":{"listing_title":{"enable_title":true,"enable_tagline":true},"listing_description":{"enable":true}}}},"listings_card_grid_view":{"thumbnail":{"top_right":[{"type":"icon","label":"Favorite","hook":"atbdp_favorite_badge","widget_name":"favorite_badge","widget_key":"favorite_badge"}],"top_left":[{"type":"badge","label":"Featured","hook":"atbdp_featured_badge","widget_name":"featured_badge","widget_key":"featured_badge"}],"bottom_right":[],"bottom_left":[{"type":"badge","label":"Popular","hook":"atbdp_popular_badge","widget_name":"popular_badge","widget_key":"popular_badge"},{"type":"badge","label":"New","hook":"atbdp_new_badge","widget_name":"new_badge","widget_key":"new_badge"}],"avatar":[{"type":"avatar","label":"User Avatar","hook":"atbdp_user_avatar","can_move":false,"widget_name":"user_avatar","widget_key":"user_avatar","align":"right"}]},"body":{"top":[{"type":"title","label":"Title","hook":"atbdp_listing_title","widget_name":"listing_title","widget_key":"listing_title","show_tagline":false},{"type":"rating","label":"Rating","hook":"atbdp_listings_rating","widget_name":"rating","widget_key":"rating"},{"type":"price","label":"Pricing","hook":"atbdp_single_listings_price","widget_name":"pricing","widget_key":"pricing"}],"bottom":[{"type":"list-item","label":"Location","hook":"atbdp_listings_location","widget_name":"listings_location","widget_key":"listings_location","icon":"las la-map-marker"},{"type":"list-item","label":"Phone","hook":"atbdp_listings_phone","widget_name":"phone","widget_key":"phone","icon":"las la-phone"},{"type":"list-item","label":"Posted Date","hook":"atbdp_listings_posted_date","widget_name":"posted_date","widget_key":"posted_date","icon":"las la-clock","date_type":"post_date"}],"excerpt":[]},"footer":{"right":[{"type":"view-count","label":"View Count","hook":"atbdp_view_count","widget_name":"view_count","widget_key":"view_count","icon":"las la-heart"}],"left":[{"type":"category","label":"Category","hook":"atbdp_category","widget_name":"category","widget_key":"category","icon":"las la-folder"}]},"active_template":"grid_view_with_thumbnail","template_data":{"grid_view_with_thumbnail":{"thumbnail":{"top_right":[{"type":"icon","label":"Favorite","hook":"atbdp_favorite_badge","widget_name":"favorite_badge","widget_key":"favorite_badge"}],"top_left":[{"type":"badge","label":"Popular","hook":"atbdp_popular_badge","widget_name":"popular_badge","widget_key":"popular_badge"}],"bottom_right":[],"bottom_left":[{"type":"badge","label":"Featured","hook":"atbdp_featured_badge","widget_name":"featured_badge","widget_key":"featured_badge"},{"type":"badge","label":"New","hook":"atbdp_new_badge","widget_name":"new_badge","widget_key":"new_badge"}],"avatar":[{"type":"avatar","label":"User Avatar","hook":"atbdp_user_avatar","can_move":false,"widget_name":"user_avatar","widget_key":"user_avatar","align":"right"}]},"body":{"top":[{"type":"title","label":"Title","hook":"atbdp_listing_title","widget_name":"listing_title","widget_key":"listing_title","show_tagline":false},{"type":"rating","label":"Rating","hook":"atbdp_listings_rating","widget_name":"rating","widget_key":"rating"},{"type":"price","label":"Pricing","hook":"atbdp_single_listings_price","widget_name":"pricing","widget_key":"pricing","original_widget_key":"pricing"}],"bottom":[{"type":"list-item","label":"Location","hook":"atbdp_listings_location","widget_name":"listings_location","widget_key":"listings_location","icon":"las la-map-marker"},{"type":"list-item","label":"Phone","hook":"atbdp_listings_phone","widget_name":"phone","widget_key":"phone","icon":"las la-phone","original_widget_key":"phone"},{"type":"list-item","label":"Posted Date","hook":"atbdp_listings_posted_date","widget_name":"posted_date","widget_key":"posted_date","icon":"las la-clock","date_type":"post_date"}],"excerpt":[]},"footer":{"right":[{"type":"view-count","label":"View Count","hook":"atbdp_view_count","widget_name":"view_count","widget_key":"view_count","icon":"las la-heart","original_widget_key":"view_count"}],"left":[{"type":"category","label":"Category","hook":"atbdp_category","widget_name":"category","widget_key":"category","icon":"las la-folder","original_widget_key":"category"}]}},"grid_view_without_thumbnail":{"body":{"avatar":[{"type":"avatar","label":"User Avatar","hook":"atbdp_user_avatar","can_move":false,"widget_name":"user_avatar","widget_key":"user_avatar","align":"center"}],"title":[{"type":"title","label":"Title","hook":"atbdp_listing_title","widget_name":"listing_title","widget_key":"listing_title","show_tagline":false}],"quick_actions":[{"type":"icon","label":"Favorite","hook":"atbdp_favorite_badge","widget_name":"favorite_badge","widget_key":"favorite_badge"}],"quick_info":[{"type":"rating","label":"Rating","hook":"atbdp_listings_rating","widget_name":"rating","widget_key":"rating"},{"type":"price","label":"Pricing","hook":"atbdp_single_listings_price","widget_name":"pricing","widget_key":"pricing","original_widget_key":"pricing"},{"type":"badge","label":"Featured","hook":"atbdp_featured_badge","widget_name":"featured_badge","widget_key":"featured_badge"},{"type":"badge","label":"New","hook":"atbdp_new_badge","widget_name":"new_badge","widget_key":"new_badge"},{"type":"badge","label":"Popular","hook":"atbdp_popular_badge","widget_name":"popular_badge","widget_key":"popular_badge"}],"bottom":[{"type":"list-item","label":"Location","hook":"atbdp_listings_location","widget_name":"listings_location","widget_key":"listings_location","icon":"las la-map-marker"},{"type":"list-item","label":"Phone","hook":"atbdp_listings_phone","widget_name":"phone","widget_key":"phone","icon":"las la-phone","original_widget_key":"phone"},{"type":"list-item","label":"Email","hook":"atbdp_listings_email","widget_name":"email","widget_key":"email","icon":"las la-envelope","original_widget_key":"email"}],"excerpt":[]},"footer":{"right":[{"type":"view-count","label":"View Count","hook":"atbdp_view_count","widget_name":"view_count","widget_key":"view_count","icon":"las la-heart","original_widget_key":"view_count"}],"left":[{"type":"category","label":"Category","hook":"atbdp_category","widget_name":"category","widget_key":"category","icon":"las la-folder","original_widget_key":"category"}]}}}},"listings_card_list_view":{"thumbnail":{"top_right":[{"type":"badge","label":"Popular","hook":"atbdp_popular_badge","widget_name":"popular_badge","widget_key":"popular_badge"},{"type":"badge","label":"New","hook":"atbdp_new_badge","widget_name":"new_badge","widget_key":"new_badge"}]},"body":{"top":[{"type":"title","label":"Title","hook":"atbdp_listing_title","widget_name":"listing_title","widget_key":"listing_title","show_tagline":false},{"type":"rating","label":"Rating","hook":"atbdp_listings_rating","widget_name":"rating","widget_key":"rating"},{"type":"price","label":"Pricing","hook":"atbdp_single_listings_price","widget_name":"pricing","widget_key":"pricing"},{"type":"badge","label":"Featured","hook":"atbdp_featured_badge","widget_name":"featured_badge","widget_key":"featured_badge"}],"right":[{"type":"icon","label":"Favorite","hook":"atbdp_favorite_badge","widget_name":"favorite_badge","widget_key":"favorite_badge"}],"bottom":[{"type":"list-item","label":"Location","hook":"atbdp_listings_location","widget_name":"listings_location","widget_key":"listings_location","icon":"las la-map-marker"},{"type":"list-item","label":"Phone","hook":"atbdp_listings_phone","widget_name":"phone","widget_key":"phone","icon":"las la-phone"},{"type":"list-item","label":"Posted Date","hook":"atbdp_listings_posted_date","widget_name":"posted_date","widget_key":"posted_date","icon":"las la-clock","date_type":"post_date"}],"excerpt":[]},"footer":{"right":[{"type":"view-count","label":"View Count","hook":"atbdp_view_count","widget_name":"view_count","widget_key":"view_count","icon":"las la-heart"},{"type":"avatar","label":"User Avatar","hook":"atbdp_user_avatar","can_move":true,"widget_name":"user_avatar","widget_key":"user_avatar"}],"left":[{"type":"category","label":"Category","hook":"atbdp_category","widget_name":"category","widget_key":"category","icon":"las la-folder"}]},"active_template":"list_view_with_thumbnail","template_data":{"list_view_with_thumbnail":{"thumbnail":{"top_right":[{"type":"badge","label":"Featured","hook":"atbdp_featured_badge","widget_name":"featured_badge","widget_key":"featured_badge"},{"type":"badge","label":"Popular","hook":"atbdp_popular_badge","widget_name":"popular_badge","widget_key":"popular_badge"},{"type":"badge","label":"New","hook":"atbdp_new_badge","widget_name":"new_badge","widget_key":"new_badge"}]},"body":{"top":[{"type":"title","label":"Title","hook":"atbdp_listing_title","widget_name":"listing_title","widget_key":"listing_title","show_tagline":false},{"type":"rating","label":"Rating","hook":"atbdp_listings_rating","widget_name":"rating","widget_key":"rating"},{"type":"price","label":"Pricing","hook":"atbdp_single_listings_price","widget_name":"pricing","widget_key":"pricing","original_widget_key":"pricing"}],"right":[{"type":"icon","label":"Favorite","hook":"atbdp_favorite_badge","widget_name":"favorite_badge","widget_key":"favorite_badge"}],"bottom":[{"type":"list-item","label":"Location","hook":"atbdp_listings_location","widget_name":"listings_location","widget_key":"listings_location","icon":"las la-map-marker"},{"type":"list-item","label":"Phone","hook":"atbdp_listings_phone","widget_name":"phone","widget_key":"phone","icon":"las la-phone","original_widget_key":"phone"},{"type":"list-item","label":"Email","hook":"atbdp_listings_email","widget_name":"email","widget_key":"email","icon":"las la-envelope","original_widget_key":"email"}],"excerpt":[]},"footer":{"right":[{"type":"view-count","label":"View Count","hook":"atbdp_view_count","widget_name":"view_count","widget_key":"view_count","icon":"las la-heart","original_widget_key":"view_count"},{"type":"avatar","label":"User Avatar","hook":"atbdp_user_avatar","can_move":false,"widget_name":"user_avatar","widget_key":"user_avatar","align":"center"}],"left":[{"type":"category","label":"Category","hook":"atbdp_category","widget_name":"category","widget_key":"category","icon":"las la-folder","original_widget_key":"category"}]}},"list_view_without_thumbnail":{"body":{"top":[{"type":"title","label":"Title","hook":"atbdp_listing_title","widget_name":"listing_title","widget_key":"listing_title","show_tagline":false},{"type":"rating","label":"Rating","hook":"atbdp_listings_rating","widget_name":"rating","widget_key":"rating"},{"type":"price","label":"Pricing","hook":"atbdp_single_listings_price","widget_name":"pricing","widget_key":"pricing","original_widget_key":"pricing"},{"type":"badge","label":"Featured","hook":"atbdp_featured_badge","widget_name":"featured_badge","widget_key":"featured_badge"},{"type":"badge","label":"New","hook":"atbdp_new_badge","widget_name":"new_badge","widget_key":"new_badge"},{"type":"badge","label":"Popular","hook":"atbdp_popular_badge","widget_name":"popular_badge","widget_key":"popular_badge"}],"right":[{"type":"icon","label":"Favorite","hook":"atbdp_favorite_badge","widget_name":"favorite_badge","widget_key":"favorite_badge"}],"bottom":[{"type":"list-item","label":"Location","hook":"atbdp_listings_location","widget_name":"listings_location","widget_key":"listings_location","icon":"las la-map-marker"},{"type":"list-item","label":"Phone","hook":"atbdp_listings_phone","widget_name":"phone","widget_key":"phone","icon":"las la-phone","original_widget_key":"phone"},{"type":"list-item","label":"Email","hook":"atbdp_listings_email","widget_name":"email","widget_key":"email","icon":"las la-envelope","original_widget_key":"email"}],"excerpt":[]},"footer":{"right":[{"type":"view-count","label":"View Count","hook":"atbdp_view_count","widget_name":"view_count","widget_key":"view_count","icon":"las la-heart","original_widget_key":"view_count"},{"type":"avatar","label":"User Avatar","hook":"atbdp_user_avatar","can_move":false,"widget_name":"user_avatar","widget_key":"user_avatar","align":"center"}],"left":[{"type":"category","label":"Category","hook":"atbdp_category","widget_name":"category","widget_key":"category","icon":"las la-folder","original_widget_key":"category"}]}}}}}