Title,Description,Tagline,Price,"Price Range",Published,"Views Count",Excerpt,Locations,Tags,Categories,"Hide Owner Contact Form?",Address,"Map Latitude","Map Logitude","Hide Map?",Zip,Phone,Phone2,Fax,Email,Website,Image,Video,"FM Plans","Claimed By Admin"
Global University,It is a long established fact that a reader will be distracted by the readable content of a page when looking at its layout. It is a long established fact that a reader will be distracted by the readable content of a page when looking at its layout. It is a long established fact that a reader will be distracted by the readable content of a page when looking at its layout.It is a long established fact that a reader will be distracted by the readable content of a page when looking at its layout. It is a long established fact that a reader will be distracted by the readable content of a page when looking at its layout. It is a long established fact that a reader will be distracted by the readable content of a page when looking at its layout,Donec pede justo fringilla vel,2525,"high",2023-02-28 00:00:00,"25",,Dubai,best food,Education,"0",My geo location,"25.204849","55.270782",,369659,59589585298,548548596xxxx,562552,example@gmail.com,https://example.com,https://demo.directorist.com/plugin/directorist-sample-data/29_.jpg,https://www.youtube.com/watch?v=DGQwd1_dpuc&t=4s,,
Ready Resort for Sell,It is a long established fact that a reader will be distracted by the readable content of a page when looking at its layout. It is a long established fact that a reader will be distracted by the readable content of a page when looking at its layout. It is a long established fact that a reader will be distracted by the readable content of a page when looking at its layout.It is a long established fact that a reader will be distracted by the readable content of a page when looking at its layout. It is a long established fact that a reader will be distracted by the readable content of a page when looking at its layout. It is a long established fact that a reader will be distracted by the readable content of a page when looking at its layout,Donec pede justo fringilla vel,2525,"high",2023-02-28 00:00:00,"25",,Dubai,best food,Education,"0",My geo location,"25.204849","55.270782",,369659,59589585298,548548596xxxx,562552,example@gmail.com,https://example.com,https://demo.directorist.com/plugin/directorist-sample-data/30_.jpg,https://www.youtube.com/watch?v=DGQwd1_dpuc&t=4s,,
Holiday Luxury House,It is a long established fact that a reader will be distracted by the readable content of a page when looking at its layout. It is a long established fact that a reader will be distracted by the readable content of a page when looking at its layout. It is a long established fact that a reader will be distracted by the readable content of a page when looking at its layout.It is a long established fact that a reader will be distracted by the readable content of a page when looking at its layout. It is a long established fact that a reader will be distracted by the readable content of a page when looking at its layout. It is a long established fact that a reader will be distracted by the readable content of a page when looking at its layout,Donec pede justo fringilla vel,2525,"high",2023-02-28 00:00:00,"25",,Melbourne,house,Place,"0",My geo location,"-37.813629","144.963058",,369659,59589585298,548548596xxxx,562552,example@gmail.com,https://example.com,https://demo.directorist.com/plugin/directorist-sample-data/26_.jpg,https://www.youtube.com/watch?v=DGQwd1_dpuc&t=4s,,
Gary Danko,It is a long established fact that a reader will be distracted by the readable content of a page when looking at its layout. It is a long established fact that a reader will be distracted by the readable content of a page when looking at its layout. It is a long established fact that a reader will be distracted by the readable content of a page when looking at its layout.It is a long established fact that a reader will be distracted by the readable content of a page when looking at its layout. It is a long established fact that a reader will be distracted by the readable content of a page when looking at its layout. It is a long established fact that a reader will be distracted by the readable content of a page when looking at its layout,Donec pede justo fringilla vel,2525,"high",2023-02-28 00:00:00,"25",,Melbourne,house,Place,"0",My geo location,"-37.813629","144.963058",,369659,59589585298,548548596xxxx,562552,example@gmail.com,https://example.com,https://demo.directorist.com/plugin/directorist-sample-data/27_.jpg,https://www.youtube.com/watch?v=DGQwd1_dpuc&t=4s,,
The Bungalow,It is a long established fact that a reader will be distracted by the readable content of a page when looking at its layout. It is a long established fact that a reader will be distracted by the readable content of a page when looking at its layout. It is a long established fact that a reader will be distracted by the readable content of a page when looking at its layout.It is a long established fact that a reader will be distracted by the readable content of a page when looking at its layout. It is a long established fact that a reader will be distracted by the readable content of a page when looking at its layout. It is a long established fact that a reader will be distracted by the readable content of a page when looking at its layout,Donec pede justo fringilla vel,2525,"high",2023-02-28 00:00:00,"25",,Melbourne,house,Place,"0",My geo location,"-37.813629","144.963058",,369659,59589585298,548548596xxxx,562552,example@gmail.com,https://example.com,https://demo.directorist.com/plugin/directorist-sample-data/28_.jpg,https://www.youtube.com/watch?v=DGQwd1_dpuc&t=4s,,
Jack Restaurant,It is a long established fact that a reader will be distracted by the readable content of a page when looking at its layout. It is a long established fact that a reader will be distracted by the readable content of a page when looking at its layout. It is a long established fact that a reader will be distracted by the readable content of a page when looking at its layout.It is a long established fact that a reader will be distracted by the readable content of a page when looking at its layout. It is a long established fact that a reader will be distracted by the readable content of a page when looking at its layout. It is a long established fact that a reader will be distracted by the readable content of a page when looking at its layout,Donec pede justo fringilla vel,2525,"high",2023-02-28 00:00:00,"25",,Melbourne,house,Place,"0",My geo location,"-37.813629","144.963058",,369659,59589585298,548548596xxxx,562552,example@gmail.com,https://example.com,https://demo.directorist.com/plugin/directorist-sample-data/24_.jpg,https://www.youtube.com/watch?v=DGQwd1_dpuc&t=4s,,
The Maryleborne,It is a long established fact that a reader will be distracted by the readable content of a page when looking at its layout. It is a long established fact that a reader will be distracted by the readable content of a page when looking at its layout. It is a long established fact that a reader will be distracted by the readable content of a page when looking at its layout.It is a long established fact that a reader will be distracted by the readable content of a page when looking at its layout. It is a long established fact that a reader will be distracted by the readable content of a page when looking at its layout. It is a long established fact that a reader will be distracted by the readable content of a page when looking at its layout,Donec pede justo fringilla vel,2525,"high",2023-02-28 00:00:00,"25",,Singapore,Rent,Rent,"0",My geo location,"1.289440","103.849983",,369659,59589585298,548548596xxxx,562552,example@gmail.com,https://example.com,https://demo.directorist.com/plugin/directorist-sample-data/25_.jpg,https://www.youtube.com/watch?v=DGQwd1_dpuc&t=4s,,
Rose Cottage House,It is a long established fact that a reader will be distracted by the readable content of a page when looking at its layout. It is a long established fact that a reader will be distracted by the readable content of a page when looking at its layout. It is a long established fact that a reader will be distracted by the readable content of a page when looking at its layout.It is a long established fact that a reader will be distracted by the readable content of a page when looking at its layout. It is a long established fact that a reader will be distracted by the readable content of a page when looking at its layout. It is a long established fact that a reader will be distracted by the readable content of a page when looking at its layout,Donec pede justo fringilla vel,2525,"high",2023-02-28 00:00:00,"25",,Singapore,Rent,Rent,"0",My geo location,"1.289440","103.849983",,369659,59589585298,548548596xxxx,562552,example@gmail.com,https://example.com,https://demo.directorist.com/plugin/directorist-sample-data/21_.jpg,https://www.youtube.com/watch?v=DGQwd1_dpuc&t=4s,,
Windy Ridge,It is a long established fact that a reader will be distracted by the readable content of a page when looking at its layout. It is a long established fact that a reader will be distracted by the readable content of a page when looking at its layout. It is a long established fact that a reader will be distracted by the readable content of a page when looking at its layout.It is a long established fact that a reader will be distracted by the readable content of a page when looking at its layout. It is a long established fact that a reader will be distracted by the readable content of a page when looking at its layout. It is a long established fact that a reader will be distracted by the readable content of a page when looking at its layout,Donec pede justo fringilla vel,2525,"high",2023-02-28 00:00:00,"25",,Singapore,Rent,Rent,"0",My geo location,"1.289440","103.849983",,369659,59589585298,548548596xxxx,562552,example@gmail.com,https://example.com,https://demo.directorist.com/plugin/directorist-sample-data/22_.jpg,https://www.youtube.com/watch?v=DGQwd1_dpuc&t=4s,,
Green Ways,It is a long established fact that a reader will be distracted by the readable content of a page when looking at its layout. It is a long established fact that a reader will be distracted by the readable content of a page when looking at its layout. It is a long established fact that a reader will be distracted by the readable content of a page when looking at its layout.It is a long established fact that a reader will be distracted by the readable content of a page when looking at its layout. It is a long established fact that a reader will be distracted by the readable content of a page when looking at its layout. It is a long established fact that a reader will be distracted by the readable content of a page when looking at its layout,Donec pede justo fringilla vel,2525,"high",2023-02-28 00:00:00,"25",,Singapore,Rent,Rent,"0",My geo location,"1.289440","103.849983",,369659,59589585298,548548596xxxx,562552,example@gmail.com,https://example.com,https://demo.directorist.com/plugin/directorist-sample-data/23_.jpg,https://www.youtube.com/watch?v=DGQwd1_dpuc&t=4s,,
Holly Cottage,It is a long established fact that a reader will be distracted by the readable content of a page when looking at its layout. It is a long established fact that a reader will be distracted by the readable content of a page when looking at its layout. It is a long established fact that a reader will be distracted by the readable content of a page when looking at its layout.It is a long established fact that a reader will be distracted by the readable content of a page when looking at its layout. It is a long established fact that a reader will be distracted by the readable content of a page when looking at its layout. It is a long established fact that a reader will be distracted by the readable content of a page when looking at its layout,Donec pede justo fringilla vel,2525,"high",2023-02-28 00:00:00,"25",,Singapore,Rent,Rent,"0",My geo location,"1.289440","103.849983",,369659,59589585298,548548596xxxx,562552,example@gmail.com,https://example.com,https://demo.directorist.com/plugin/directorist-sample-data/18_.jpg,https://www.youtube.com/watch?v=DGQwd1_dpuc&t=4s,,
Sun Apartment,It is a long established fact that a reader will be distracted by the readable content of a page when looking at its layout. It is a long established fact that a reader will be distracted by the readable content of a page when looking at its layout. It is a long established fact that a reader will be distracted by the readable content of a page when looking at its layout.It is a long established fact that a reader will be distracted by the readable content of a page when looking at its layout. It is a long established fact that a reader will be distracted by the readable content of a page when looking at its layout. It is a long established fact that a reader will be distracted by the readable content of a page when looking at its layout,Donec pede justo fringilla vel,2525,"high",2023-02-28 00:00:00,"25",,Los Angeles,purefood,Restaurant,"0",My geo location,"40.7143528","-74.0059731",,369659,59589585298,548548596xxxx,562552,example@gmail.com,https://example.com,https://demo.directorist.com/plugin/directorist-sample-data/19_.jpg,https://www.youtube.com/watch?v=DGQwd1_dpuc&t=4s,,
House for rent!,It is a long established fact that a reader will be distracted by the readable content of a page when looking at its layout. It is a long established fact that a reader will be distracted by the readable content of a page when looking at its layout. It is a long established fact that a reader will be distracted by the readable content of a page when looking at its layout.It is a long established fact that a reader will be distracted by the readable content of a page when looking at its layout. It is a long established fact that a reader will be distracted by the readable content of a page when looking at its layout. It is a long established fact that a reader will be distracted by the readable content of a page when looking at its layout,Donec pede justo fringilla vel,2525,"high",2023-02-28 00:00:00,"25",,Los Angeles,purefood,Restaurant,"0",My geo location,"40.7143528","-74.0059731",,369659,59589585298,548548596xxxx,562552,example@gmail.com,https://example.com,https://demo.directorist.com/plugin/directorist-sample-data/20_.jpg,https://www.youtube.com/watch?v=DGQwd1_dpuc&t=4s,,
Florist’s Shop,It is a long established fact that a reader will be distracted by the readable content of a page when looking at its layout. It is a long established fact that a reader will be distracted by the readable content of a page when looking at its layout. It is a long established fact that a reader will be distracted by the readable content of a page when looking at its layout.It is a long established fact that a reader will be distracted by the readable content of a page when looking at its layout. It is a long established fact that a reader will be distracted by the readable content of a page when looking at its layout. It is a long established fact that a reader will be distracted by the readable content of a page when looking at its layout,Donec pede justo fringilla vel,2525,"high",2023-02-28 00:00:00,"95",,Scotland,purefood,Street Food,"0",My geo location,"40.7143528","-74.0059731",,369659,59589585298,548548596xxxx,562552,example@gmail.com,https://example.com,https://demo.directorist.com/plugin/directorist-sample-data/15_.jpg,https://www.youtube.com/watch?v=DGQwd1_dpuc&t=4s,,
Sydney Restaurant Towers,It is a long established fact that a reader will be distracted by the readable content of a page when looking at its layout. It is a long established fact that a reader will be distracted by the readable content of a page when looking at its layout. It is a long established fact that a reader will be distracted by the readable content of a page when looking at its layout.It is a long established fact that a reader will be distracted by the readable content of a page when looking at its layout. It is a long established fact that a reader will be distracted by the readable content of a page when looking at its layout. It is a long established fact that a reader will be distracted by the readable content of a page when looking at its layout,Donec pede justo fringilla vel,2525,"high",2023-02-28 00:00:00,"25",,Scotland,purefood,Street Food,"0",My geo location,"40.7143528","-74.0059731",,369659,59589585298,548548596xxxx,562552,example@gmail.com,https://example.com,https://demo.directorist.com/plugin/directorist-sample-data/16_.jpg,https://www.youtube.com/watch?v=DGQwd1_dpuc&t=4s,,
Kung Food & Drinks,It is a long established fact that a reader will be distracted by the readable content of a page when looking at its layout. It is a long established fact that a reader will be distracted by the readable content of a page when looking at its layout. It is a long established fact that a reader will be distracted by the readable content of a page when looking at its layout.It is a long established fact that a reader will be distracted by the readable content of a page when looking at its layout. It is a long established fact that a reader will be distracted by the readable content of a page when looking at its layout. It is a long established fact that a reader will be distracted by the readable content of a page when looking at its layout,Donec pede justo fringilla vel,2525,"high",2023-02-28 00:00:00,"25",,Scotland,purefood,Restaurant,"0",My geo location,"40.7143528","-74.0059731",,369659,59589585298,548548596xxxx,562552,example@gmail.com,https://example.com,https://demo.directorist.com/plugin/directorist-sample-data/17_.jpg,https://www.youtube.com/watch?v=DGQwd1_dpuc&t=4s,,
Shopping City of Los Angeles,It is a long established fact that a reader will be distracted by the readable content of a page when looking at its layout. It is a long established fact that a reader will be distracted by the readable content of a page when looking at its layout. It is a long established fact that a reader will be distracted by the readable content of a page when looking at its layout.It is a long established fact that a reader will be distracted by the readable content of a page when looking at its layout. It is a long established fact that a reader will be distracted by the readable content of a page when looking at its layout. It is a long established fact that a reader will be distracted by the readable content of a page when looking at its layout,Donec pede justo fringilla vel,2525,"high",2023-02-28 00:00:00,"20",,Scotland,purefood,Restaurant,"0",My geo location,"40.7143528","-74.0059731",,369659,59589585298,548548596xxxx,562552,example@gmail.com,https://example.com,https://demo.directorist.com/plugin/directorist-sample-data/12_.jpg,https://www.youtube.com/watch?v=DGQwd1_dpuc&t=4s,,
Dubai Fountain Hotel,It is a long established fact that a reader will be distracted by the readable content of a page when looking at its layout. It is a long established fact that a reader will be distracted by the readable content of a page when looking at its layout. It is a long established fact that a reader will be distracted by the readable content of a page when looking at its layout.It is a long established fact that a reader will be distracted by the readable content of a page when looking at its layout. It is a long established fact that a reader will be distracted by the readable content of a page when looking at its layout. It is a long established fact that a reader will be distracted by the readable content of a page when looking at its layout,Donec pede justo fringilla vel,2525,"high",2023-02-28 00:00:00,"25",,Texas,shopping,Hotel & Mall,"0",My geo location,"40.7143528","-74.0059731",,369659,59589585298,548548596xxxx,562552,example@gmail.com,https://example.com,https://demo.directorist.com/plugin/directorist-sample-data/13_.jpg,https://www.youtube.com/watch?v=DGQwd1_dpuc&t=4s,,
Retail Therapy Clothing Boutique,It is a long established fact that a reader will be distracted by the readable content of a page when looking at its layout. It is a long established fact that a reader will be distracted by the readable content of a page when looking at its layout. It is a long established fact that a reader will be distracted by the readable content of a page when looking at its layout.It is a long established fact that a reader will be distracted by the readable content of a page when looking at its layout. It is a long established fact that a reader will be distracted by the readable content of a page when looking at its layout. It is a long established fact that a reader will be distracted by the readable content of a page when looking at its layout,Donec pede justo fringilla vel,2525,"high",2023-02-28 00:00:00,"5",,Texas,shopping,Hotel & Mall,"0",My geo location,"40.7143528","-74.0059731",,369659,59589585298,548548596xxxx,562552,example@gmail.com,https://example.com,https://demo.directorist.com/plugin/directorist-sample-data/14_.jpg,https://www.youtube.com/watch?v=DGQwd1_dpuc&t=4s,,
Live Fit Gym,It is a long established fact that a reader will be distracted by the readable content of a page when looking at its layout. It is a long established fact that a reader will be distracted by the readable content of a page when looking at its layout. It is a long established fact that a reader will be distracted by the readable content of a page when looking at its layout.It is a long established fact that a reader will be distracted by the readable content of a page when looking at its layout. It is a long established fact that a reader will be distracted by the readable content of a page when looking at its layout. It is a long established fact that a reader will be distracted by the readable content of a page when looking at its layout,Donec pede justo fringilla vel,2525,"high",2023-02-28 00:00:00,"100",,Texas,shopping,Hotel & Mall,"0",My geo location,"40.7143528","-74.0059731",,369659,59589585298,548548596xxxx,562552,example@gmail.com,https://example.com,https://demo.directorist.com/plugin/directorist-sample-data/9_.jpg,https://www.youtube.com/watch?v=DGQwd1_dpuc&t=4s,,
Cafe de Casa,It is a long established fact that a reader will be distracted by the readable content of a page when looking at its layout. It is a long established fact that a reader will be distracted by the readable content of a page when looking at its layout. It is a long established fact that a reader will be distracted by the readable content of a page when looking at its layout.It is a long established fact that a reader will be distracted by the readable content of a page when looking at its layout. It is a long established fact that a reader will be distracted by the readable content of a page when looking at its layout. It is a long established fact that a reader will be distracted by the readable content of a page when looking at its layout,Donec pede justo fringilla vel,2525,"high",2023-02-28 00:00:00,"25",,london,food,Cafe,"0",My geo location,"40.7143528","-74.0059731",,369659,59589585298,548548596xxxx,562552,example@gmail.com,https://example.com,https://demo.directorist.com/plugin/directorist-sample-data/10_.jpg,https://www.youtube.com/watch?v=DGQwd1_dpuc&t=4s,,
Frontline Electrical Services,It is a long established fact that a reader will be distracted by the readable content of a page when looking at its layout. It is a long established fact that a reader will be distracted by the readable content of a page when looking at its layout. It is a long established fact that a reader will be distracted by the readable content of a page when looking at its layout.It is a long established fact that a reader will be distracted by the readable content of a page when looking at its layout. It is a long established fact that a reader will be distracted by the readable content of a page when looking at its layout. It is a long established fact that a reader will be distracted by the readable content of a page when looking at its layout,Donec pede justo fringilla vel,2525,"high",2023-02-28 00:00:00,"25",,london,food,Cafe,"0",My geo location,"40.7143528","-74.0059731",,369659,59589585298,548548596xxxx,562552,example@gmail.com,https://example.com,https://demo.directorist.com/plugin/directorist-sample-data/11_.jpg,https://www.youtube.com/watch?v=DGQwd1_dpuc&t=4s,,
All American Lock and Key,It is a long established fact that a reader will be distracted by the readable content of a page when looking at its layout. It is a long established fact that a reader will be distracted by the readable content of a page when looking at its layout. It is a long established fact that a reader will be distracted by the readable content of a page when looking at its layout.It is a long established fact that a reader will be distracted by the readable content of a page when looking at its layout. It is a long established fact that a reader will be distracted by the readable content of a page when looking at its layout. It is a long established fact that a reader will be distracted by the readable content of a page when looking at its layout,Donec pede justo fringilla vel,2525,"high",2023-02-28 00:00:00,"25",,london,food,Cafe,"0",My geo location,"40.7143528","-74.0059731",,369659,59589585298,548548596xxxx,562552,example@gmail.com,https://example.com,https://demo.directorist.com/plugin/directorist-sample-data/6_.jpg,https://www.youtube.com/watch?v=DGQwd1_dpuc&t=4s,,
Spot Free HVAC Air Services,It is a long established fact that a reader will be distracted by the readable content of a page when looking at its layout. It is a long established fact that a reader will be distracted by the readable content of a page when looking at its layout. It is a long established fact that a reader will be distracted by the readable content of a page when looking at its layout.It is a long established fact that a reader will be distracted by the readable content of a page when looking at its layout. It is a long established fact that a reader will be distracted by the readable content of a page when looking at its layout. It is a long established fact that a reader will be distracted by the readable content of a page when looking at its layout,Donec pede justo fringilla vel,2525,"high",2023-02-28 00:00:00,"25",,New York,onsell,Electronics,"0",My geo location,"40.7143528","-74.0059731",,369659,59589585298,548548596xxxx,562552,example@gmail.com,https://example.com,https://demo.directorist.com/plugin/directorist-sample-data/7_.jpg,https://www.youtube.com/watch?v=DGQwd1_dpuc&t=4s,,
Monitor Repair Service,It is a long established fact that a reader will be distracted by the readable content of a page when looking at its layout. It is a long established fact that a reader will be distracted by the readable content of a page when looking at its layout. It is a long established fact that a reader will be distracted by the readable content of a page when looking at its layout.It is a long established fact that a reader will be distracted by the readable content of a page when looking at its layout. It is a long established fact that a reader will be distracted by the readable content of a page when looking at its layout. It is a long established fact that a reader will be distracted by the readable content of a page when looking at its layout,Donec pede justo fringilla vel,2525,"high",2023-02-28 00:00:00,"25",,New York,onsell,Electronics,"0",My geo location,"40.7143528","-74.0059731",,369659,59589585298,548548596xxxx,562552,example@gmail.com,https://example.com,https://demo.directorist.com/plugin/directorist-sample-data/8_.jpg,https://www.youtube.com/watch?v=DGQwd1_dpuc&t=4s,,
Facundo Cruz’s Painting Services,It is a long established fact that a reader will be distracted by the readable content of a page when looking at its layout. It is a long established fact that a reader will be distracted by the readable content of a page when looking at its layout. It is a long established fact that a reader will be distracted by the readable content of a page when looking at its layout.It is a long established fact that a reader will be distracted by the readable content of a page when looking at its layout. It is a long established fact that a reader will be distracted by the readable content of a page when looking at its layout. It is a long established fact that a reader will be distracted by the readable content of a page when looking at its layout,Donec pede justo fringilla vel,2525,"high",2023-02-28 00:00:00,"25",,New York,onsell,Electronics,"0",My geo location,"40.7143528","-74.0059731",,369659,59589585298,548548596xxxx,562552,example@gmail.com,https://example.com,https://demo.directorist.com/plugin/directorist-sample-data/3_.jpg,https://www.youtube.com/watch?v=DGQwd1_dpuc&t=4s,,
Sky Princess debuts in Fall 2019,It is a long established fact that a reader will be distracted by the readable content of a page when looking at its layout. It is a long established fact that a reader will be distracted by the readable content of a page when looking at its layout. It is a long established fact that a reader will be distracted by the readable content of a page when looking at its layout.It is a long established fact that a reader will be distracted by the readable content of a page when looking at its layout. It is a long established fact that a reader will be distracted by the readable content of a page when looking at its layout. It is a long established fact that a reader will be distracted by the readable content of a page when looking at its layout,Donec pede justo fringilla vel,2525,"high",2023-02-28 00:00:00,"25",,New York,onsell,Electronics,"0",My geo location,"40.7143528","-74.0059731",,369659,59589585298,548548596xxxx,562552,example@gmail.com,https://example.com,https://demo.directorist.com/plugin/directorist-sample-data/4_.jpg,https://www.youtube.com/watch?v=DGQwd1_dpuc&t=4s,,
iPhone Repair FiDi,It is a long established fact that a reader will be distracted by the readable content of a page when looking at its layout. It is a long established fact that a reader will be distracted by the readable content of a page when looking at its layout. It is a long established fact that a reader will be distracted by the readable content of a page when looking at its layout.It is a long established fact that a reader will be distracted by the readable content of a page when looking at its layout. It is a long established fact that a reader will be distracted by the readable content of a page when looking at its layout. It is a long established fact that a reader will be distracted by the readable content of a page when looking at its layout,Donec pede justo fringilla vel,2525,"high",2023-02-28 00:00:00,"25",,New York,onsell,Electronics,"0",My geo location,"40.7143528","-74.0059731",,369659,59589585298,548548596xxxx,562552,example@gmail.com,https://example.com,https://demo.directorist.com/plugin/directorist-sample-data/5_.jpg,https://www.youtube.com/watch?v=DGQwd1_dpuc&t=4s,,
Mother Care,It is a long established fact that a reader will be distracted by the readable content of a page when looking at its layout. It is a long established fact that a reader will be distracted by the readable content of a page when looking at its layout. It is a long established fact that a reader will be distracted by the readable content of a page when looking at its layout.It is a long established fact that a reader will be distracted by the readable content of a page when looking at its layout. It is a long established fact that a reader will be distracted by the readable content of a page when looking at its layout. It is a long established fact that a reader will be distracted by the readable content of a page when looking at its layout,Donec pede justo fringilla vel,2525,"high",2023-02-28 00:00:00,"25",,Dubai,best food,Education,"0",My geo location,"25.204849","55.270782",,369659,59589585298,548548596xxxx,562552,example@gmail.com,https://example.com,https://demo.directorist.com/plugin/directorist-sample-data/1_.jpg,https://www.youtube.com/watch?v=DGQwd1_dpuc&t=4s,,
The House,It is a long established fact that a reader will be distracted by the readable content of a page when looking at its layout. It is a long established fact that a reader will be distracted by the readable content of a page when looking at its layout. It is a long established fact that a reader will be distracted by the readable content of a page when looking at its layout.It is a long established fact that a reader will be distracted by the readable content of a page when looking at its layout. It is a long established fact that a reader will be distracted by the readable content of a page when looking at its layout. It is a long established fact that a reader will be distracted by the readable content of a page when looking at its layout,Donec pede justo fringilla vel,2525,"high",2023-02-28 00:00:00,"25",,Dubai,best food,Education,"0",My geo location,"25.204849","55.270782",,369659,59589585298,548548596xxxx,562552,example@gmail.com,https://example.com,https://demo.directorist.com/plugin/directorist-sample-data/2_.jpg,https://www.youtube.com/watch?v=DGQwd1_dpuc&t=4s,,