<wpml-config>
	<admin-texts>
		<key name="wordpress_store_locator_options">
			<key name="enable" />
			<key name="apiKey" />
			<key name="serverApiKey" />
			<key name="excel2007" />
			<key name="importer" />
			<key name="mapEnabled" />
			<key name="mapColumns" />
			<key name="mapDistanceUnit" />
			<key name="mapDefaultLat" />
			<key name="mapDefaultLng" />
			<key name="mapDefaultType" />
			<key name="mapDefaultZoom" />
			<key name="mapRadiusSteps" />
			<key name="mapRadius" />
			<key name="mapDrawRadiusCircle" />
			<key name="mapExtendRadius" />
			<key name="mapDefaultIcon" />
			<key name="mapDefaultIconHover" />
			<key name="mapDefaultUserIcon" />
			<key name="mapStyling" />
			<key name="infowindowEnabled" />
			<key name="infowwindowWidth" />
			<key name="infowindowDetailsColumns" />
			<key name="infowindowImageColumns" />
			<key name="infowindowOpeningHoursColumns" />
			<key name="resultListEnabled" />
			<key name="resultListPosition" />
			<key name="resultListOrder" />
			<key name="resultListColumns" />
			<key name="resultListShowTitle" />
			<key name="resultListNoResultsText" />
			<key name="resultListMax" />
			<key name="resultListLinkAction" />
			<key name="resultListIconEnabled" />
			<key name="resultListIcon" />
			<key name="resultListIconSize" />
			<key name="resultListIconColor" />
			<key name="resultListPremiumIconEnabled" />
			<key name="resultListPremiumIcon" />
			<key name="resultListPremiumIconSize" />
			<key name="resultListPremiumIconColor" />
			<key name="searchBoxEnabled" />
			<key name="searchBoxShowGetMyPosition" />
			<key name="searchBoxShowShowAllStoresText" />
			<key name="searchBoxShowButton" />
			<key name="searchBoxShowTitle" />
			<key name="searchBoxShowActiveFilter" />
			<key name="searchBoxShowFilter" />
			<key name="searchBoxDefaultCategory" />
			<key name="searchButtonText" />
			<key name="searchBoxAutolocate" />
			<key name="searchBoxAutolocate" />
			<key name="searchBoxSaveAutolocate" />
			<key name="searchBoxAutocomplete" />
			<key name="autocompleteType" />
			<key name="autocompleteCountryRestrict" />
			<key name="searchBoxPosition" />
			<key name="searchBoxColumns" />
			<key name="loadingIcon" />
			<key name="loadingAnimation" />
			<key name="loadingIconSize" />
			<key name="loadingIconColor" />
			<key name="loadingOverlayColor" />
			<key name="loadingOverlayTransparency" />
			<key name="showName" />
			<key name="showDescription" />
			<key name="showStreet" />
			<key name="showCity" />
			<key name="showCountry" />
			<key name="showWebsite" />
			<key name="showWebsiteText" />
			<key name="showEmail" />
			<key name="showEmailText" />
			<key name="showTelephone" />
			<key name="showTelephoneText" />
			<key name="showMobile" />
			<key name="showMobileText" />
			<key name="showFax" />
			<key name="showFaxText" />
			<key name="showDistance" />
			<key name="showDistanceText" />
			<key name="showStoreCategories" />
			<key name="showStoreFilter" />
			<key name="showActiveFilter" />
			<key name="showFilter" />
			<key name="showGetDirection" />
			<key name="showGetDirectionText" />
			<key name="showCallNow" />
			<key name="showCallNowText" />
			<key name="showVisitWebsite" />
			<key name="showVisitWebsiteText" />
			<key name="showWriteEmail" />
			<key name="showWriteEmailText" />
			<key name="showImage" />
			<key name="imageDimensions" />
			<key name="showOpeningHours" />
			<key name="showOpeningHoursText" />
			<key name="showOpeningHoursClock" />
			<key name="showOpeningHoursMonday" />
			<key name="showOpeningHoursTuesday" />
			<key name="showOpeningHoursWednesday" />
			<key name="showOpeningHoursThursday" />
			<key name="showOpeningHoursFriday" />
			<key name="showOpeningHoursSaturday" />
			<key name="showOpeningHoursSunday" />
			<key name="buttonEnabled" />
			<key name="buttonText" />
			<key name="buttonPosition" />
			<key name="buttonAction" />
			<key name="buttonActionURL" />
			<key name="buttonActionURLTarget" />
			<key name="buttonModalTitle" />
			<key name="buttonModalPosition" />
			<key name="buttonModalSize" />
			<key name="defaultAddress1" />
			<key name="defaultAddress2" />
			<key name="defaultZIP" />
			<key name="defaultCity" />
			<key name="defaultRegion" />
			<key name="defaultCountry" />
			<key name="defaultTelephone" />
			<key name="defaultMobile" />
			<key name="defaultFax" />
			<key name="defaultEmail" />
			<key name="defaultWebsite" />
			<key name="defaultOpen" />
			<key name="defaultClose" />
			<key name="advanced" />
			<key name="customCSS" />
			<key name="customJS" />
			<key name="doNotLoadBootstrap" />
		</key> 
	</admin-texts>
</wpml-config>